losses,accuracies,cum_times
"[2.416599988937378, 2.083003520965576, 1.8600046634674072, 1.7226251363754272, 1.6863371133804321, 1.6697441339492798, 1.6415427923202515, 1.5999563932418823, 1.591124176979065, 1.582590937614441, 1.57565176486969, 1.5696675777435303, 1.5643559694290161, 1.5592925548553467, 1.5530635118484497, 1.552240252494812, 1.5462864637374878, 1.5435835123062134, 1.5414682626724243, 1.5397284030914307, 1.5381101369857788, 1.536597490310669, 1.5351778268814087, 1.5336313247680664, 1.5322359800338745, 1.5306823253631592, 1.5293841361999512, 1.5279827117919922, 1.5266855955123901, 1.525384545326233, 1.524600625038147, 1.5230381488800049, 1.5221463441848755, 1.520788550376892, 1.5195168256759644, 1.5186700820922852, 1.5167213678359985, 1.515985131263733, 1.5152236223220825, 1.5145055055618286, 1.5138254165649414, 1.5131875276565552, 1.5125616788864136, 1.5119649171829224, 1.5113942623138428, 1.5108530521392822, 1.5103410482406616, 1.509857416152954, 1.5093872547149658, 1.5089222192764282, 1.5084693431854248, 1.5080232620239258, 1.507587194442749, 1.5072619915008545, 1.5068012475967407, 1.506472110748291, 1.5060303211212158, 1.5057111978530884, 1.5052831172943115, 1.5049705505371094, 1.5045534372329712, 1.5042601823806763, 1.503852128982544, 1.5035731792449951, 1.5033771991729736, 1.5028927326202393, 1.502616047859192, 1.5024369955062866, 1.501968264579773, 1.501708745956421, 1.5015404224395752, 1.5010870695114136, 1.5008494853973389, 1.5006892681121826, 1.500247597694397, 1.5000272989273071, 1.4998797178268433, 1.4994010925292969, 1.4990068674087524, 1.498747706413269, 1.4984937906265259, 1.4982463121414185, 1.498005747795105, 1.497767686843872, 1.4975337982177734, 1.4973045587539673, 1.4970805644989014, 1.4969918727874756, 1.4967857599258423, 1.4965848922729492, 1.4963853359222412, 1.4961878061294556, 1.4959934949874878, 1.4958007335662842, 1.495612621307373, 1.4954274892807007, 1.495244026184082, 1.4950624704360962, 1.4948813915252686, 1.4947006702423096, 1.4945229291915894]","[10.36, 28.56, 41.47, 74.41, 78.46, 79.99, 84.82, 88.11, 88.58, 89.32, 89.99, 90.44, 90.84, 91.33, 91.7, 91.81, 92.07, 92.32, 92.4, 92.55, 92.67, 92.82, 92.98, 93.09, 93.14, 93.24, 93.3, 93.41, 93.44, 93.6, 93.73, 93.73, 93.73, 93.9, 93.99, 94.01, 94.16, 94.27, 94.32, 94.36, 94.36, 94.4, 94.45, 94.47, 94.55, 94.58, 94.61, 94.68, 94.7, 94.74, 94.76, 94.79, 94.83, 94.8, 94.86, 94.84, 94.94, 94.93, 95.0, 95.03, 95.07, 95.07, 95.13, 95.13, 95.15, 95.15, 95.19, 95.2, 95.22, 95.24, 95.23, 95.3, 95.35, 95.31, 95.35, 95.36, 95.36, 95.42, 95.44, 95.47, 95.49, 95.53, 95.56, 95.58, 95.62, 95.65, 95.67, 95.66, 95.67, 95.71, 95.71, 95.72, 95.72, 95.75, 95.76, 95.77, 95.79, 95.83, 95.84, 95.84, 95.83]","[ 2.74132252,3.21938539,3.74305844,4.23012376,4.7385304,5.25861883,5.77931094,6.29519892,6.8953464,7.47739506,8.05826378,8.63848639,9.22273111,9.80268288,10.39676309,10.98956895,11.61747885,12.21282506,12.73293376,13.24107218,13.7733357,14.3069253,14.85276031,15.36381054,15.92005038,16.42803693,16.98661923,17.49912858,18.06061649,18.62071514,19.18857694,19.72105742,20.30232167,20.47147107,21.01531148,21.561198,22.04589224,22.61676788,23.20209122,23.77258062,24.34147143,24.9097445,25.47742224,26.04507017,26.61499071,27.18464351,27.75303793,28.32514238,28.89433193,29.46551466,30.0328815,30.60364652,31.17141032,31.75097966,32.3199029,32.9013381,33.47488856,34.06387424,34.63233352,35.2123034,35.78261399,36.36326647,36.93251395,37.51186061,38.09431744,38.66926932,39.24918509,39.83158135,40.40328026,40.98382759,41.5639534,42.13302374,42.71691632,43.29700017,43.86647797,44.44625831,45.02709484,45.62128496,46.14219284,46.68693948,47.23041534,47.77552319,48.32075858,48.86799169,49.4122231,49.95707226,50.50143719,51.04538774,51.66085315,52.27899098,52.896029,53.51293993,54.1287415,54.7450037,55.36280417,55.97908425,56.59584403,57.21252108,57.82950521,58.44638085,59.06191373]"
"[2.438335657119751, 2.2347769737243652, 2.215555429458618, 2.0578513145446777, 1.9708936214447021, 1.9182204008102417, 1.8205641508102417, 1.7772165536880493, 1.7400829792022705, 1.7288438081741333, 1.6757572889328003, 1.6635700464248657, 1.6480056047439575, 1.5918220281600952, 1.5801743268966675, 1.5694972276687622, 1.5636097192764282, 1.5582799911499023, 1.5526841878890991, 1.5507357120513916, 1.548056721687317, 1.5456299781799316, 1.5418345928192139, 1.5399837493896484, 1.5382238626480103, 1.536577582359314, 1.5350570678710938, 1.5336405038833618, 1.5323436260223389, 1.530592679977417, 1.5293598175048828, 1.5282833576202393, 1.527112364768982, 1.525943398475647, 1.5248024463653564, 1.5240652561187744, 1.5228924751281738, 1.5222606658935547, 1.5211013555526733, 1.5204949378967285, 1.5194265842437744, 1.518812894821167, 1.5181876420974731, 1.5175831317901611, 1.516992211341858, 1.516418695449829, 1.5158631801605225, 1.5153104066848755, 1.5147684812545776, 1.5142388343811035, 1.5137145519256592, 1.512721061706543, 1.5121443271636963, 1.511554479598999, 1.5109773874282837, 1.5104731321334839, 1.5099378824234009, 1.5094091892242432, 1.508867859840393, 1.508374810218811, 1.5078916549682617, 1.5073952674865723, 1.5069012641906738, 1.5064064264297485, 1.505914568901062, 1.5055546760559082, 1.5051137208938599, 1.5047647953033447, 1.5043333768844604, 1.503900170326233, 1.5034570693969727, 1.502811312675476, 1.5025216341018677, 1.5021425485610962, 1.501752495765686, 1.501368761062622, 1.5009548664093018, 1.5006310939788818, 1.5001776218414307, 1.4998908042907715, 1.4994442462921143, 1.4992440938949585, 1.498911738395691, 1.4986392259597778, 1.4983775615692139, 1.4981229305267334, 1.49787175655365, 1.4976575374603271, 1.497449517250061, 1.4972463846206665, 1.4970455169677734, 1.496845006942749, 1.496646523475647, 1.4964492321014404, 1.4962587356567383, 1.4960702657699585, 1.4958864450454712, 1.495704174041748, 1.4955241680145264, 1.495344877243042, 1.4950356483459473]","[11.36, 28.24, 20.15, 37.6, 46.21, 53.35, 65.36, 68.54, 71.46, 72.81, 78.86, 78.99, 81.08, 86.02, 87.68, 89.11, 89.75, 90.37, 90.92, 91.17, 91.44, 91.68, 92.03, 92.23, 92.38, 92.54, 92.67, 92.81, 92.98, 93.15, 93.2, 93.31, 93.42, 93.47, 93.55, 93.65, 93.72, 93.79, 93.92, 93.97, 94.06, 94.07, 94.07, 94.14, 94.23, 94.29, 94.34, 94.39, 94.42, 94.5, 94.62, 94.71, 94.74, 94.8, 94.82, 94.84, 94.92, 94.92, 95.01, 95.05, 95.05, 95.07, 95.09, 95.12, 95.16, 95.2, 95.18, 95.23, 95.28, 95.31, 95.34, 95.37, 95.46, 95.48, 95.5, 95.54, 95.58, 95.63, 95.7, 95.71, 95.73, 95.72, 95.73, 95.75, 95.77, 95.8, 95.85, 95.87, 95.88, 95.89, 95.89, 95.91, 95.91, 95.91, 95.92, 95.96, 95.95, 95.94, 95.97, 95.96, 95.99]","[2.05175877e-02,1.86450481e-01,3.90693188e-01,7.80740499e-01,1.21683764e+00,1.72425580e+00,2.16294432e+00,2.72566152e+00,3.29375100e+00,3.87522507e+00,4.22532916e+00,4.40939713e+00,4.92913914e+00,5.39217925e+00,5.97666240e+00,6.37560821e+00,6.88517380e+00,7.39337778e+00,7.92715335e+00,8.49504375e+00,9.04340243e+00,9.59241247e+00,1.01143587e+01,1.06869302e+01,1.12539697e+01,1.18207688e+01,1.23928759e+01,1.29659240e+01,1.35344188e+01,1.41282961e+01,1.46509643e+01,1.51946852e+01,1.57142253e+01,1.62742670e+01,1.68313951e+01,1.74132802e+01,1.79340246e+01,1.85254235e+01,1.90470614e+01,1.96137588e+01,2.01370938e+01,2.07088385e+01,2.12522130e+01,2.17969549e+01,2.23406227e+01,2.28883779e+01,2.34640422e+01,2.40107069e+01,2.45540392e+01,2.51014402e+01,2.56455643e+01,2.60838709e+01,2.65775099e+01,2.70637968e+01,2.76775854e+01,2.83834441e+01,2.90839396e+01,2.95652676e+01,3.00268471e+01,3.04898796e+01,3.09516015e+01,3.15567734e+01,3.22121942e+01,3.31329126e+01,3.35913379e+01,3.41114028e+01,3.46259542e+01,3.51461544e+01,3.56553380e+01,3.61653743e+01,3.66295061e+01,3.70909858e+01,3.76102295e+01,3.83753002e+01,3.88848307e+01,3.94011283e+01,4.00153909e+01,4.06763172e+01,4.11836011e+01,4.19387832e+01,4.24484985e+01,4.30211504e+01,4.35438864e+01,4.40628109e+01,4.48824060e+01,4.54362581e+01,4.59590037e+01,4.65023777e+01,4.70501249e+01,4.75978096e+01,4.81447344e+01,4.86883156e+01,4.92342460e+01,4.97793038e+01,5.03288295e+01,5.12943437e+01,5.18412001e+01,5.23845942e+01,5.29322517e+01,5.34756501e+01,5.40213151e+01]"
"[2.4236161708831787, 2.0371527671813965, 1.7524603605270386, 1.7045599222183228, 1.6305092573165894, 1.6087247133255005, 1.5912507772445679, 1.5845801830291748, 1.579514503479004, 1.5694276094436646, 1.5613552331924438, 1.5577242374420166, 1.554261565208435, 1.5509940385818481, 1.5478781461715698, 1.5451854467391968, 1.5406160354614258, 1.5377615690231323, 1.536327838897705, 1.5350184440612793, 1.5326488018035889, 1.5297433137893677, 1.5274332761764526, 1.526226282119751, 1.525011420249939, 1.5237350463867188, 1.5227301120758057, 1.5217818021774292, 1.5209088325500488, 1.5203722715377808, 1.5199809074401855, 1.5185810327529907, 1.5176573991775513, 1.51667320728302, 1.515751838684082, 1.5150961875915527, 1.5145806074142456, 1.5138494968414307, 1.513587236404419, 1.5129467248916626, 1.512438416481018, 1.511927843093872, 1.5111900568008423, 1.5106379985809326, 1.510256290435791, 1.5096147060394287, 1.5086487531661987, 1.5080372095108032, 1.507378101348877, 1.5069539546966553, 1.5065085887908936, 1.5061885118484497, 1.5054758787155151, 1.5048216581344604, 1.5044056177139282, 1.5040225982666016, 1.5037412643432617, 1.5033413171768188, 1.5030597448349, 1.5026708841323853, 1.5024058818817139, 1.5021342039108276, 1.5018799304962158, 1.5015020370483398, 1.501267433166504, 1.5009428262710571, 1.500704288482666, 1.5004639625549316, 1.5001014471054077, 1.4998897314071655, 1.4996644258499146, 1.4993337392807007, 1.499107837677002, 1.4988842010498047, 1.4986608028411865, 1.4983329772949219, 1.4981240034103394, 1.4979102611541748, 1.4975895881652832, 1.4973000288009644, 1.4969913959503174, 1.496797800064087, 1.4965088367462158, 1.4962154626846313, 1.496041178703308, 1.4957375526428223, 1.4954726696014404, 1.4951883554458618, 1.4950169324874878, 1.4947028160095215, 1.4944323301315308, 1.4942874908447266, 1.4941452741622925, 1.493887186050415, 1.4937198162078857, 1.4935312271118164, 1.4933470487594604, 1.4931787252426147, 1.4930187463760376, 1.4928618669509888, 1.492706537246704]","[8.52, 40.47, 72.08, 77.42, 84.79, 86.59, 88.32, 88.83, 89.27, 89.96, 90.88, 91.07, 91.39, 91.63, 91.86, 92.15, 92.52, 92.64, 92.89, 93.0, 93.11, 93.37, 93.46, 93.64, 93.73, 93.81, 93.88, 93.89, 93.94, 93.97, 94.0, 94.09, 94.01, 94.18, 94.19, 94.23, 94.29, 94.31, 94.4, 94.44, 94.48, 94.51, 94.58, 94.57, 94.63, 94.64, 94.73, 94.75, 94.79, 94.79, 94.82, 94.84, 94.89, 94.95, 95.02, 95.05, 95.1, 95.16, 95.21, 95.19, 95.23, 95.25, 95.26, 95.25, 95.29, 95.36, 95.38, 95.39, 95.39, 95.4, 95.4, 95.43, 95.45, 95.45, 95.48, 95.53, 95.54, 95.56, 95.57, 95.61, 95.62, 95.64, 95.64, 95.65, 95.64, 95.65, 95.65, 95.65, 95.65, 95.65, 95.68, 95.7, 95.69, 95.71, 95.71, 95.73, 95.78, 95.8, 95.82, 95.83, 95.88]","[1.74133778e-02,1.82954788e-01,1.02609515e+00,1.58452892e+00,2.06887841e+00,2.54098177e+00,3.11393642e+00,4.03763342e+00,4.73248482e+00,5.29263115e+00,5.79677224e+00,6.36622953e+00,6.93461132e+00,7.86262298e+00,8.43040824e+00,9.05231071e+00,9.63378048e+00,1.02767627e+01,1.12046626e+01,1.17885475e+01,1.23694677e+01,1.28178246e+01,1.32695236e+01,1.37300403e+01,1.46493070e+01,1.52472470e+01,1.58276501e+01,1.64083145e+01,1.69899085e+01,1.79526403e+01,1.85021086e+01,1.90583282e+01,1.96866584e+01,2.01468632e+01,2.10412602e+01,2.15142417e+01,2.20112848e+01,2.25435786e+01,2.31121626e+01,2.35354111e+01,2.44173491e+01,2.49649308e+01,2.54981384e+01,2.60791650e+01,2.65651846e+01,2.71215463e+01,2.79281394e+01,2.84129198e+01,2.89333177e+01,2.94543161e+01,2.99758766e+01,3.04470830e+01,3.13706787e+01,3.19181130e+01,3.24869113e+01,3.30550725e+01,3.36354043e+01,3.45822453e+01,3.52477007e+01,3.58150997e+01,3.64203126e+01,3.70009973e+01,3.79433138e+01,3.85212529e+01,3.91510787e+01,3.97443414e+01,4.03520164e+01,4.09332571e+01,4.18792937e+01,4.25074759e+01,4.31167393e+01,4.36973894e+01,4.42793665e+01,4.48755178e+01,4.54720664e+01,4.60508399e+01,4.66313322e+01,4.72759366e+01,4.81063561e+01,4.86884432e+01,4.93672287e+01,4.99847999e+01,5.05704367e+01,5.11647682e+01,5.17463651e+01,5.23260939e+01,5.29071770e+01,5.34876308e+01,5.40948777e+01,5.46759131e+01,5.52799528e+01,5.58844233e+01,5.64774468e+01,5.70232589e+01,5.75961506e+01,5.81645615e+01,5.87325633e+01,5.93004422e+01,5.98708336e+01,6.04422679e+01,6.10197639e+01]"
"[2.4144127368927, 2.2228024005889893, 2.1640288829803467, 1.8509502410888672, 1.6617727279663086, 1.6117019653320312, 1.6059104204177856, 1.5794148445129395, 1.5682806968688965, 1.5558414459228516, 1.5493829250335693, 1.5466322898864746, 1.5433255434036255, 1.5407087802886963, 1.5364766120910645, 1.5342991352081299, 1.5322933197021484, 1.5305583477020264, 1.528871774673462, 1.5272516012191772, 1.5256915092468262, 1.5229830741882324, 1.5217390060424805, 1.5209113359451294, 1.5197981595993042, 1.5191903114318848, 1.5181121826171875, 1.5164387226104736, 1.515518307685852, 1.514799952507019, 1.5140455961227417, 1.5129207372665405, 1.5119684934616089, 1.5108237266540527, 1.5098851919174194, 1.5092464685440063, 1.5086764097213745, 1.5081226825714111, 1.5075812339782715, 1.5071254968643188, 1.5066218376159668, 1.5061994791030884, 1.505720615386963, 1.5053327083587646, 1.5049480199813843, 1.504504919052124, 1.5041544437408447, 1.5038050413131714, 1.5035399198532104, 1.5031174421310425, 1.5027791261672974, 1.502444863319397, 1.502220630645752, 1.5018278360366821, 1.501493215560913, 1.5012010335922241, 1.5010019540786743, 1.5006308555603027, 1.5003420114517212, 1.5000323057174683, 1.499735951423645, 1.4994205236434937, 1.4991254806518555, 1.4988659620285034, 1.4985913038253784, 1.4983097314834595, 1.4980494976043701, 1.4977823495864868, 1.4975322484970093, 1.4972777366638184, 1.4970310926437378, 1.4968016147613525, 1.496563196182251, 1.4963297843933105, 1.4961051940917969, 1.4958711862564087, 1.4956586360931396, 1.4953333139419556, 1.4950926303863525, 1.4948956966400146, 1.4946727752685547, 1.4944789409637451, 1.4943004846572876, 1.4941365718841553, 1.4939725399017334, 1.4938000440597534, 1.4935919046401978, 1.4934097528457642, 1.4932469129562378, 1.4930896759033203, 1.4929331541061401, 1.4927784204483032, 1.492626667022705, 1.4924750328063965, 1.492323398590088, 1.4921742677688599, 1.4920226335525513, 1.4918370246887207, 1.49166738986969, 1.4915142059326172, 1.4913320541381836]","[11.15, 22.87, 17.42, 51.52, 80.0, 85.53, 83.96, 88.33, 89.6, 90.72, 91.47, 91.7, 92.05, 92.24, 92.63, 92.76, 92.92, 93.07, 93.19, 93.37, 93.52, 93.71, 93.81, 93.84, 93.94, 93.97, 94.06, 94.21, 94.28, 94.29, 94.34, 94.44, 94.48, 94.53, 94.55, 94.58, 94.6, 94.68, 94.74, 94.75, 94.74, 94.84, 94.88, 94.94, 94.97, 95.01, 95.0, 95.03, 95.06, 95.08, 95.08, 95.12, 95.17, 95.19, 95.21, 95.29, 95.3, 95.32, 95.31, 95.34, 95.35, 95.4, 95.42, 95.42, 95.45, 95.5, 95.48, 95.52, 95.54, 95.56, 95.6, 95.63, 95.67, 95.69, 95.74, 95.73, 95.75, 95.75, 95.76, 95.77, 95.8, 95.79, 95.82, 95.83, 95.83, 95.84, 95.87, 95.88, 95.88, 95.88, 95.92, 95.93, 95.93, 95.94, 95.94, 95.96, 95.96, 95.98, 96.0, 96.02, 96.01]","[1.74236298e-02,1.85899734e-01,3.67480278e-01,7.67800570e-01,1.22890878e+00,1.81433535e+00,2.37172556e+00,2.91558981e+00,3.53288341e+00,4.05222654e+00,4.60682392e+00,5.19594932e+00,5.78706884e+00,6.36897016e+00,6.97288609e+00,7.51810193e+00,8.09099078e+00,8.65851116e+00,9.22556567e+00,9.79537702e+00,1.03684154e+01,1.09524918e+01,1.15477774e+01,1.19963839e+01,1.25751760e+01,1.31827817e+01,1.37645035e+01,1.42982514e+01,1.49533620e+01,1.54095304e+01,1.59597208e+01,1.64929497e+01,1.69335644e+01,1.73821521e+01,1.75551383e+01,1.81005621e+01,1.86680570e+01,1.92363651e+01,1.98056424e+01,2.03864377e+01,2.09562979e+01,2.15408068e+01,2.21109986e+01,2.26907115e+01,2.32744577e+01,2.38425255e+01,2.44200156e+01,2.49992657e+01,2.55797083e+01,2.61513751e+01,2.67325747e+01,2.73129089e+01,2.78927674e+01,2.84590726e+01,2.90424881e+01,2.96235368e+01,3.02030220e+01,3.07706263e+01,3.13505242e+01,3.19174364e+01,3.25009007e+01,3.30830386e+01,3.36512852e+01,3.42282383e+01,3.47959399e+01,3.53798056e+01,3.59482641e+01,3.65272126e+01,3.70986028e+01,3.76799564e+01,3.82499478e+01,3.88307586e+01,3.93995497e+01,3.99785569e+01,4.05491235e+01,4.11305368e+01,4.16986830e+01,4.22664659e+01,4.28345299e+01,4.34041448e+01,4.39849737e+01,4.45525942e+01,4.51232224e+01,4.56916847e+01,4.62592044e+01,4.68283236e+01,4.74093771e+01,4.79766634e+01,4.85467589e+01,4.91157475e+01,4.96832800e+01,5.02494140e+01,5.08180912e+01,5.13872216e+01,5.19553325e+01,5.25220993e+01,5.30917983e+01,5.36725121e+01,5.42410965e+01,5.48083608e+01,5.53884079e+01]"
"[2.4014649391174316, 2.0914833545684814, 1.8902349472045898, 1.8112711906433105, 1.7441210746765137, 1.6898932456970215, 1.6510213613510132, 1.6104471683502197, 1.6033365726470947, 1.5924150943756104, 1.577393889427185, 1.5702719688415527, 1.5654879808425903, 1.5591520071029663, 1.5547990798950195, 1.552402377128601, 1.5492950677871704, 1.5464729070663452, 1.5432519912719727, 1.539732813835144, 1.537778377532959, 1.5356552600860596, 1.5341227054595947, 1.5321153402328491, 1.530382513999939, 1.529750108718872, 1.5281517505645752, 1.5275287628173828, 1.5260897874832153, 1.5254803895950317, 1.5241533517837524, 1.5236048698425293, 1.5221890211105347, 1.5217299461364746, 1.5203993320465088, 1.5195918083190918, 1.5188908576965332, 1.5182297229766846, 1.5175939798355103, 1.5169777870178223, 1.516385793685913, 1.5158082246780396, 1.515252947807312, 1.5147180557250977, 1.514201045036316, 1.5136945247650146, 1.5131981372833252, 1.5127193927764893, 1.5122534036636353, 1.511797547340393, 1.5113582611083984, 1.5109306573867798, 1.510514736175537, 1.5101115703582764, 1.5097144842147827, 1.5093262195587158, 1.508946180343628, 1.5085690021514893, 1.5082008838653564, 1.5078377723693848, 1.507474422454834, 1.5071280002593994, 1.5067784786224365, 1.5064424276351929, 1.506115436553955, 1.5057964324951172, 1.5054794549942017, 1.50516676902771, 1.50486159324646, 1.5045596361160278, 1.5042630434036255, 1.5039693117141724, 1.5036829710006714, 1.5034024715423584, 1.5031235218048096, 1.5028486251831055, 1.5025826692581177, 1.502320408821106, 1.502058506011963, 1.501805305480957, 1.5015569925308228, 1.5013092756271362, 1.5010637044906616, 1.500701904296875, 1.5004794597625732, 1.5002614259719849, 1.5000396966934204, 1.4996905326843262, 1.4994653463363647, 1.4992445707321167, 1.4990272521972656, 1.4988102912902832, 1.4985932111740112, 1.4983776807785034, 1.4981634616851807, 1.4979522228240967, 1.4977434873580933, 1.4975314140319824, 1.4973218441009521, 1.4971150159835815, 1.4969103336334229]","[10.81, 13.18, 32.4, 48.07, 72.85, 78.28, 81.67, 85.79, 86.53, 87.59, 88.9, 89.74, 90.28, 90.99, 91.51, 91.6, 91.82, 92.16, 92.3, 92.63, 92.76, 92.88, 92.99, 93.18, 93.32, 93.37, 93.46, 93.56, 93.61, 93.65, 93.74, 93.78, 93.85, 93.9, 94.0, 94.03, 94.07, 94.15, 94.19, 94.26, 94.3, 94.32, 94.36, 94.4, 94.42, 94.45, 94.53, 94.6, 94.62, 94.68, 94.71, 94.75, 94.79, 94.82, 94.84, 94.91, 94.92, 94.94, 94.91, 94.93, 94.94, 94.96, 94.97, 95.01, 95.02, 95.05, 95.06, 95.07, 95.08, 95.12, 95.16, 95.17, 95.18, 95.18, 95.17, 95.17, 95.21, 95.26, 95.29, 95.3, 95.33, 95.34, 95.37, 95.36, 95.39, 95.39, 95.42, 95.45, 95.49, 95.5, 95.52, 95.54, 95.54, 95.61, 95.62, 95.64, 95.64, 95.66, 95.67, 95.69, 95.7]","[1.74329281e-02,1.96046352e-01,5.96026659e-01,1.11650157e+00,1.28712320e+00,1.81819129e+00,2.30321383e+00,2.87133431e+00,3.41455388e+00,3.95926785e+00,4.44571328e+00,4.95434427e+00,5.48558331e+00,6.01762486e+00,6.57480121e+00,7.14341283e+00,7.71220899e+00,8.28037834e+00,8.87344646e+00,9.30980110e+00,9.83011413e+00,1.03394306e+01,1.08612812e+01,1.13215835e+01,1.19014080e+01,1.25069027e+01,1.30859890e+01,1.36909573e+01,1.42721262e+01,1.48764491e+01,1.54578161e+01,1.60616603e+01,1.66437211e+01,1.72489364e+01,1.78414872e+01,1.84099362e+01,1.89780498e+01,1.95478938e+01,2.01176269e+01,2.06855536e+01,2.12529206e+01,2.18230829e+01,2.23928201e+01,2.29625742e+01,2.35314565e+01,2.41005447e+01,2.46683776e+01,2.52369606e+01,2.58075595e+01,2.63767111e+01,2.69451094e+01,2.75130141e+01,2.80822573e+01,2.86522815e+01,2.92220740e+01,2.97909899e+01,3.03587918e+01,3.09274898e+01,3.14973345e+01,3.20675499e+01,3.26368470e+01,3.32060585e+01,3.37727182e+01,3.43414848e+01,3.49118145e+01,3.54793267e+01,3.60471613e+01,3.66148984e+01,3.71828058e+01,3.77511852e+01,3.83198106e+01,3.88886342e+01,3.94555326e+01,4.00237126e+01,4.05915840e+01,4.11608763e+01,4.17291989e+01,4.22973819e+01,4.28658748e+01,4.34348941e+01,4.40046561e+01,4.45736563e+01,4.51412990e+01,4.57214003e+01,4.62881219e+01,4.68572059e+01,4.74272473e+01,4.80063789e+01,4.85745118e+01,4.91426475e+01,4.97121813e+01,5.02816775e+01,5.08504481e+01,5.14193804e+01,5.19873066e+01,5.25558431e+01,5.31266134e+01,5.36957119e+01,5.42646143e+01,5.48317571e+01,5.53993762e+01]"
"[2.3688478469848633, 2.118943452835083, 1.7178901433944702, 1.6530240774154663, 1.6303884983062744, 1.6139518022537231, 1.6045385599136353, 1.5788860321044922, 1.5746670961380005, 1.5724374055862427, 1.564602255821228, 1.559316873550415, 1.553290843963623, 1.5468486547470093, 1.5445008277893066, 1.542204737663269, 1.540042519569397, 1.5378717184066772, 1.5359224081039429, 1.534033179283142, 1.5321869850158691, 1.5303868055343628, 1.5286728143692017, 1.5279163122177124, 1.5267736911773682, 1.5253077745437622, 1.5231691598892212, 1.5222086906433105, 1.5212990045547485, 1.5204124450683594, 1.5195510387420654, 1.518690586090088, 1.5178037881851196, 1.5169588327407837, 1.5161231756210327, 1.5153567790985107, 1.514600157737732, 1.5138611793518066, 1.5131322145462036, 1.5124421119689941, 1.5119613409042358, 1.5114383697509766, 1.5109245777130127, 1.510347843170166, 1.5098114013671875, 1.5094186067581177, 1.5089620351791382, 1.508536696434021, 1.508098840713501, 1.5077710151672363, 1.5073506832122803, 1.5069468021392822, 1.5065224170684814, 1.5061925649642944, 1.505813717842102, 1.5054385662078857, 1.5051302909851074, 1.5047743320465088, 1.5044325590133667, 1.5040879249572754, 1.5038033723831177, 1.503475546836853, 1.5031665563583374, 1.502862572669983, 1.502569556236267, 1.5022833347320557, 1.5020025968551636, 1.5017274618148804, 1.5014580488204956, 1.501197338104248, 1.5009440183639526, 1.500691294670105, 1.5004414319992065, 1.5001943111419678, 1.4999468326568604, 1.4996998310089111, 1.4994522333145142, 1.4992223978042603, 1.4989548921585083, 1.4987072944641113, 1.4984185695648193, 1.4981799125671387, 1.497922420501709, 1.497685194015503, 1.4974290132522583, 1.497207760810852, 1.4970002174377441, 1.496798038482666, 1.4966015815734863, 1.4964061975479126, 1.4962185621261597, 1.4960333108901978, 1.495848536491394, 1.4956648349761963, 1.495482087135315, 1.4953010082244873, 1.4951212406158447, 1.4949382543563843, 1.4947556257247925, 1.494575023651123, 1.4943954944610596]","[14.09, 39.08, 74.28, 81.95, 83.91, 85.6, 86.56, 89.27, 89.73, 89.97, 90.64, 91.08, 91.38, 91.92, 92.09, 92.3, 92.48, 92.59, 92.71, 92.86, 92.96, 93.15, 93.36, 93.48, 93.53, 93.66, 93.76, 93.82, 93.89, 93.93, 93.99, 94.0, 94.04, 94.06, 94.12, 94.21, 94.3, 94.37, 94.42, 94.45, 94.51, 94.56, 94.56, 94.64, 94.65, 94.69, 94.7, 94.74, 94.73, 94.75, 94.76, 94.81, 94.81, 94.79, 94.8, 94.83, 94.88, 94.9, 94.95, 94.96, 94.98, 95.02, 95.05, 95.12, 95.13, 95.15, 95.19, 95.21, 95.23, 95.22, 95.26, 95.26, 95.28, 95.29, 95.28, 95.3, 95.32, 95.37, 95.42, 95.44, 95.47, 95.47, 95.5, 95.54, 95.56, 95.58, 95.62, 95.64, 95.68, 95.7, 95.72, 95.74, 95.76, 95.76, 95.76, 95.76, 95.78, 95.79, 95.81, 95.81, 95.82]","[2.05125809e-02,1.87136412e-01,6.26571417e-01,1.14814401e+00,1.71697426e+00,2.29873276e+00,2.86857843e+00,3.44989252e+00,4.02060366e+00,4.59032965e+00,5.14744377e+00,5.69332099e+00,6.32327032e+00,6.82164264e+00,7.33065248e+00,7.84057903e+00,8.35024452e+00,8.85849404e+00,9.36830211e+00,9.88120604e+00,1.03905156e+01,1.08994670e+01,1.14085858e+01,1.19285345e+01,1.25474977e+01,1.31452057e+01,1.36311691e+01,1.42015495e+01,1.47690330e+01,1.53375547e+01,1.59111359e+01,1.64816542e+01,1.70509875e+01,1.76207979e+01,1.81897624e+01,1.87591541e+01,1.93309190e+01,1.98999393e+01,2.04702361e+01,2.10395536e+01,2.16200314e+01,2.21919580e+01,2.27620800e+01,2.33307247e+01,2.39002147e+01,2.44824657e+01,2.50540388e+01,2.56230676e+01,2.61943457e+01,2.67744606e+01,2.73433378e+01,2.79149203e+01,2.84838059e+01,2.90646474e+01,2.96346798e+01,3.02036388e+01,3.07843940e+01,3.13567603e+01,3.19254575e+01,3.24937043e+01,3.30769818e+01,3.36456368e+01,3.42175307e+01,3.47871404e+01,3.53544919e+01,3.59224324e+01,3.64926348e+01,3.70634813e+01,3.76393464e+01,3.82095857e+01,3.87777050e+01,3.93466549e+01,3.99160736e+01,4.04865646e+01,4.10549948e+01,4.16242709e+01,4.21932700e+01,4.27732987e+01,4.33698502e+01,4.39870565e+01,4.45788889e+01,4.51967735e+01,4.57900114e+01,4.64103589e+01,4.70048993e+01,4.76217554e+01,4.82396793e+01,4.88572533e+01,4.94761355e+01,5.00930352e+01,5.07110536e+01,5.13272152e+01,5.19432173e+01,5.25615466e+01,5.31785352e+01,5.37956216e+01,5.44135644e+01,5.50314231e+01,5.56491401e+01,5.62656801e+01,5.68826528e+01]"
"[2.356572389602661, 2.1164979934692383, 1.9065613746643066, 1.770439863204956, 1.7178291082382202, 1.6967819929122925, 1.673146367073059, 1.66022527217865, 1.6537718772888184, 1.6463943719863892, 1.640536904335022, 1.6352481842041016, 1.631597876548767, 1.626923680305481, 1.6258842945098877, 1.6239837408065796, 1.6223487854003906, 1.6188299655914307, 1.614646315574646, 1.614135503768921, 1.6130893230438232, 1.6105365753173828, 1.6037728786468506, 1.5579149723052979, 1.5406559705734253, 1.534912109375, 1.5285232067108154, 1.523966908454895, 1.5223315954208374, 1.5215390920639038, 1.5207324028015137, 1.519903540611267, 1.5190783739089966, 1.5185389518737793, 1.5179961919784546, 1.5171397924423218, 1.5164730548858643, 1.515807867050171, 1.5151735544204712, 1.514549732208252, 1.5139473676681519, 1.5133781433105469, 1.51282799243927, 1.512297511100769, 1.511776328086853, 1.5112682580947876, 1.5107741355895996, 1.510279893875122, 1.509797215461731, 1.5093058347702026, 1.5088427066802979, 1.50838303565979, 1.5079340934753418, 1.5074262619018555, 1.5068409442901611, 1.5062299966812134, 1.505722999572754, 1.505253791809082, 1.5047451257705688, 1.5043656826019287, 1.5039794445037842, 1.5036016702651978, 1.5032461881637573, 1.5029023885726929, 1.5025702714920044, 1.5022436380386353, 1.501924753189087, 1.5016146898269653, 1.5013227462768555, 1.5010337829589844, 1.5007747411727905, 1.5003961324691772, 1.500087022781372, 1.4998493194580078, 1.4994795322418213, 1.4992091655731201, 1.4989696741104126, 1.4987115859985352, 1.4984831809997559, 1.4982515573501587, 1.498029112815857, 1.4978141784667969, 1.4976023435592651, 1.497390627861023, 1.497182011604309, 1.4969772100448608, 1.4967715740203857, 1.496565341949463, 1.4963607788085938, 1.4961540699005127, 1.4958807229995728, 1.4956740140914917, 1.495397686958313, 1.4952003955841064, 1.4949313402175903, 1.4947187900543213, 1.4944734573364258, 1.4942535161972046, 1.494062066078186, 1.4938249588012695, 1.4936187267303467]","[10.28, 21.96, 47.08, 69.1, 75.32, 77.03, 78.68, 79.6, 80.2, 81.22, 81.7, 82.18, 82.49, 82.81, 82.93, 83.13, 83.23, 83.62, 84.0, 84.08, 84.16, 84.4, 85.71, 91.12, 92.47, 92.64, 93.32, 93.65, 93.81, 93.87, 93.9, 93.96, 94.01, 94.09, 94.26, 94.33, 94.39, 94.42, 94.47, 94.52, 94.6, 94.62, 94.64, 94.67, 94.71, 94.75, 94.76, 94.76, 94.78, 94.81, 94.85, 94.87, 94.91, 94.93, 95.05, 95.05, 95.09, 95.1, 95.16, 95.18, 95.2, 95.22, 95.22, 95.25, 95.31, 95.34, 95.34, 95.34, 95.33, 95.38, 95.45, 95.49, 95.48, 95.52, 95.52, 95.53, 95.58, 95.57, 95.61, 95.62, 95.63, 95.65, 95.65, 95.69, 95.7, 95.73, 95.73, 95.76, 95.78, 95.81, 95.83, 95.84, 95.86, 95.86, 95.9, 95.91, 95.92, 95.94, 95.98, 95.95, 95.97]","[2.05173492e-02,1.86657429e-01,7.18508959e-01,1.15520644e+00,1.67701983e+00,2.22261763e+00,2.79267263e+00,3.33911586e+00,3.81182194e+00,4.32175756e+00,4.73722339e+00,5.17597127e+00,5.75751448e+00,5.92875910e+00,6.49712086e+00,7.04346347e+00,7.59065843e+00,8.14949036e+00,8.32092929e+00,8.89100242e+00,9.43605471e+00,9.99236298e+00,1.01640954e+01,1.05542262e+01,1.10414205e+01,1.15275216e+01,1.21570907e+01,1.26540992e+01,1.31639845e+01,1.37331357e+01,1.43027494e+01,1.48493042e+01,1.54178102e+01,1.55886910e+01,1.60381210e+01,1.65826874e+01,1.71520333e+01,1.77223749e+01,1.82911603e+01,1.88601701e+01,1.94305859e+01,2.00016599e+01,2.05694950e+01,2.11393783e+01,2.17068391e+01,2.22748194e+01,2.28464370e+01,2.46840789e+01,2.62231321e+01,2.67934585e+01,2.88841910e+01,2.94550841e+01,3.08627579e+01,3.14555180e+01,3.32350388e+01,3.38068147e+01,3.50434217e+01,3.55173986e+01,3.60400641e+01,3.79339521e+01,3.89269528e+01,3.94488997e+01,3.99708719e+01,4.04922714e+01,4.15826495e+01,4.21038554e+01,4.26240423e+01,4.31469140e+01,4.36931620e+01,4.42395813e+01,4.50325403e+01,4.55531774e+01,4.60732422e+01,4.66430776e+01,4.71637714e+01,4.77103374e+01,4.82800591e+01,4.88241627e+01,4.93951139e+01,4.99417784e+01,5.04884429e+01,5.10319097e+01,5.15788569e+01,5.21238875e+01,5.26687090e+01,5.32162483e+01,5.37641068e+01,5.43093076e+01,5.48556104e+01,5.53998559e+01,5.59442525e+01,5.64918008e+01,5.70370164e+01,5.75812356e+01,5.81282923e+01,5.85539429e+01,5.91362324e+01,5.96162345e+01,6.01008315e+01,6.06802313e+01,6.11428170e+01]"
"[2.4720256328582764, 2.1133158206939697, 2.0863192081451416, 2.084298610687256, 1.8586170673370361, 1.7648333311080933, 1.7342238426208496, 1.7273612022399902, 1.721464991569519, 1.7169947624206543, 1.7126233577728271, 1.709506630897522, 1.7074640989303589, 1.7012723684310913, 1.696358561515808, 1.6945579051971436, 1.693092942237854, 1.6904140710830688, 1.6889142990112305, 1.687624454498291, 1.6864490509033203, 1.6852021217346191, 1.6847126483917236, 1.6836501359939575, 1.682629942893982, 1.6816080808639526, 1.6804267168045044, 1.679845929145813, 1.678889274597168, 1.677846908569336, 1.6769529581069946, 1.676034688949585, 1.6755558252334595, 1.674703598022461, 1.6742827892303467, 1.6735293865203857, 1.673326849937439, 1.6719835996627808, 1.6713593006134033, 1.6708037853240967, 1.6702624559402466, 1.6697266101837158, 1.669236183166504, 1.668751835823059, 1.6682703495025635, 1.6678087711334229, 1.6673749685287476, 1.6669425964355469, 1.666514277458191, 1.6661357879638672, 1.6657572984695435, 1.665389060974121, 1.6650346517562866, 1.6646966934204102, 1.6643644571304321, 1.6640440225601196, 1.663725733757019, 1.6634169816970825, 1.6631377935409546, 1.6628824472427368, 1.6626437902450562, 1.6624221801757812, 1.6619497537612915, 1.6613975763320923, 1.6611049175262451, 1.6608219146728516, 1.6604511737823486, 1.660258412361145, 1.6598503589630127, 1.6596039533615112, 1.6593481302261353, 1.6591110229492188, 1.6588733196258545, 1.6586451530456543, 1.6583374738693237, 1.658119797706604, 1.6578080654144287, 1.6575953960418701, 1.657382845878601, 1.6571590900421143, 1.6569559574127197, 1.6567336320877075, 1.6565265655517578, 1.6562920808792114, 1.6560817956924438, 1.655884027481079, 1.655674695968628, 1.6554588079452515, 1.6552590131759644, 1.6550685167312622, 1.6548742055892944, 1.654681921005249, 1.6544982194900513, 1.6543021202087402, 1.6541115045547485, 1.6539338827133179, 1.6537575721740723, 1.6535850763320923, 1.6534130573272705, 1.6532418727874756, 1.6530760526657104]","[9.74, 29.09, 39.18, 36.18, 59.17, 69.3, 71.74, 72.16, 72.62, 72.94, 73.32, 73.52, 73.68, 74.07, 74.24, 74.35, 74.45, 74.67, 74.71, 74.76, 74.85, 74.96, 75.02, 75.07, 75.11, 75.16, 75.25, 75.24, 75.28, 75.35, 75.38, 75.44, 75.49, 75.51, 75.56, 75.59, 75.63, 75.69, 75.76, 75.78, 75.83, 75.88, 75.91, 75.95, 75.89, 75.95, 75.97, 75.97, 75.94, 75.96, 76.04, 76.08, 76.08, 76.1, 76.11, 76.13, 76.18, 76.21, 76.23, 76.24, 76.24, 76.24, 76.31, 76.32, 76.33, 76.35, 76.38, 76.37, 76.45, 76.46, 76.5, 76.49, 76.49, 76.5, 76.5, 76.54, 76.57, 76.6, 76.6, 76.62, 76.62, 76.62, 76.65, 76.64, 76.63, 76.66, 76.7, 76.72, 76.74, 76.75, 76.75, 76.76, 76.77, 76.76, 76.78, 76.78, 76.82, 76.83, 76.83, 76.86, 76.86]","[2.05132961e-02,1.85973406e-01,3.66658449e-01,5.43921947e-01,1.02948070e+00,1.51840591e+00,2.08515787e+00,2.65011191e+00,3.19624400e+00,3.76340628e+00,4.30754495e+00,4.85555553e+00,5.39863825e+00,5.95630574e+00,6.45684814e+00,6.90450335e+00,7.42642713e+00,7.89103937e+00,8.36220932e+00,8.83628893e+00,9.31238317e+00,9.80774784e+00,1.02807806e+01,1.08304155e+01,1.13743367e+01,1.19197783e+01,1.24647152e+01,1.30344934e+01,1.35833957e+01,1.41292486e+01,1.46781142e+01,1.52236555e+01,1.57929161e+01,1.63386619e+01,1.69096775e+01,1.74550626e+01,1.80130601e+01,1.84872596e+01,1.89850376e+01,1.95065072e+01,2.00290611e+01,2.05506029e+01,2.10723293e+01,2.15966887e+01,2.21169903e+01,2.26391342e+01,2.31631947e+01,2.36856368e+01,2.42292488e+01,2.47747982e+01,2.53218560e+01,2.58673348e+01,2.64095008e+01,2.69561720e+01,2.75019803e+01,2.80472264e+01,2.85958419e+01,2.91428511e+01,2.96867898e+01,3.02315073e+01,3.07748804e+01,3.13199801e+01,3.18798783e+01,3.23101172e+01,3.27699437e+01,3.32532687e+01,3.37164800e+01,3.42003605e+01,3.47576859e+01,3.52222207e+01,3.57316589e+01,3.62155633e+01,3.66995413e+01,3.71860042e+01,3.76449897e+01,3.81278214e+01,3.85902798e+01,3.91008136e+01,3.95862706e+01,4.00748744e+01,4.05577102e+01,4.10444100e+01,4.15302579e+01,4.20154214e+01,4.25037146e+01,4.29898610e+01,4.34744444e+01,4.39604712e+01,4.44439118e+01,4.49284880e+01,4.54137921e+01,4.58994579e+01,4.63859196e+01,4.69013638e+01,4.74329553e+01,4.79165499e+01,4.84024391e+01,4.88878059e+01,4.93744974e+01,4.98599064e+01,5.03501163e+01]"
"[2.3260037899017334, 2.0900604724884033, 1.7076865434646606, 1.6451661586761475, 1.6322507858276367, 1.6098382472991943, 1.6020575761795044, 1.5835480690002441, 1.5762475728988647, 1.5675595998764038, 1.5632431507110596, 1.559098482131958, 1.5550775527954102, 1.5517607927322388, 1.548761248588562, 1.5449492931365967, 1.5423195362091064, 1.5397270917892456, 1.5371809005737305, 1.5347301959991455, 1.5323150157928467, 1.531972885131836, 1.52842378616333, 1.527786374092102, 1.5256675481796265, 1.5240473747253418, 1.5233827829360962, 1.5222374200820923, 1.5211673974990845, 1.520425796508789, 1.5194509029388428, 1.518755555152893, 1.517778992652893, 1.516966462135315, 1.5161031484603882, 1.5154939889907837, 1.5149117708206177, 1.514343500137329, 1.5138485431671143, 1.5133602619171143, 1.5128604173660278, 1.5123703479766846, 1.5119048357009888, 1.5114487409591675, 1.5109970569610596, 1.5105558633804321, 1.510125994682312, 1.5097012519836426, 1.509291172027588, 1.508890986442566, 1.5084967613220215, 1.508103847503662, 1.507727026939392, 1.507354736328125, 1.506988286972046, 1.5066273212432861, 1.5062739849090576, 1.5059272050857544, 1.5055887699127197, 1.5052509307861328, 1.5049232244491577, 1.5046002864837646, 1.5042833089828491, 1.5039654970169067, 1.5036587715148926, 1.5033581256866455, 1.503059983253479, 1.502763032913208, 1.502472162246704, 1.502185344696045, 1.5019034147262573, 1.5016266107559204, 1.5013558864593506, 1.5010838508605957, 1.5008165836334229, 1.5005593299865723, 1.5003032684326172, 1.5000535249710083, 1.4998021125793457, 1.4995564222335815, 1.4993165731430054, 1.4990794658660889, 1.4988410472869873, 1.4986138343811035, 1.4983853101730347, 1.4981638193130493, 1.4979435205459595, 1.497728705406189, 1.4975173473358154, 1.4973042011260986, 1.4970909357070923, 1.496883749961853, 1.496681809425354, 1.4964817762374878, 1.4962823390960693, 1.496087670326233, 1.4958924055099487, 1.4956984519958496, 1.4955002069473267, 1.495316743850708, 1.4951205253601074]","[15.38, 30.87, 72.98, 80.69, 83.29, 85.55, 86.88, 88.72, 89.42, 90.17, 90.42, 90.94, 91.22, 91.58, 91.83, 92.0, 92.31, 92.48, 92.69, 92.85, 93.06, 93.18, 93.43, 93.41, 93.49, 93.64, 93.71, 93.86, 93.96, 94.0, 94.11, 94.19, 94.26, 94.32, 94.36, 94.4, 94.44, 94.49, 94.51, 94.51, 94.58, 94.59, 94.61, 94.61, 94.67, 94.69, 94.75, 94.79, 94.81, 94.83, 94.85, 94.85, 94.87, 94.88, 94.91, 94.95, 95.01, 95.06, 95.07, 95.08, 95.14, 95.19, 95.2, 95.2, 95.21, 95.24, 95.24, 95.25, 95.25, 95.27, 95.3, 95.33, 95.37, 95.39, 95.43, 95.44, 95.48, 95.47, 95.49, 95.52, 95.53, 95.54, 95.57, 95.57, 95.58, 95.62, 95.64, 95.67, 95.69, 95.7, 95.74, 95.76, 95.76, 95.79, 95.8, 95.82, 95.84, 95.86, 95.89, 95.91, 95.91]","[1.74558163e-02,1.82853222e-01,6.43544197e-01,1.15370560e+00,1.66356635e+00,2.10085893e+00,2.60887694e+00,3.21258140e+00,3.63877487e+00,4.07504940e+00,4.58572173e+00,5.09360147e+00,5.52199912e+00,6.03276491e+00,6.54342961e+00,7.07705712e+00,7.53771043e+00,8.00033569e+00,8.46112156e+00,8.92404437e+00,9.38671803e+00,9.83546901e+00,1.03807700e+01,1.09515021e+01,1.15206165e+01,1.20108039e+01,1.24604933e+01,1.29804139e+01,1.35022526e+01,1.40491462e+01,1.45714681e+01,1.51976583e+01,1.57198119e+01,1.62413497e+01,1.67632368e+01,1.72852480e+01,1.78064184e+01,1.83324544e+01,1.88783324e+01,1.94235606e+01,1.99706578e+01,2.05179131e+01,2.10911188e+01,2.16368148e+01,2.21824875e+01,2.27267911e+01,2.32726164e+01,2.38178897e+01,2.43676639e+01,2.49139786e+01,2.54598413e+01,2.60051208e+01,2.65514135e+01,2.71157477e+01,2.76630862e+01,2.82083027e+01,2.87546880e+01,2.93010807e+01,2.98459790e+01,3.04144864e+01,3.09607387e+01,3.15083299e+01,3.20517609e+01,3.25995743e+01,3.31454413e+01,3.36889513e+01,3.42364717e+01,3.47800672e+01,3.53243954e+01,3.58724008e+01,3.64302497e+01,3.69738538e+01,3.75228829e+01,3.80684237e+01,3.86112230e+01,3.91617682e+01,3.97060261e+01,4.02486544e+01,4.07974937e+01,4.13423884e+01,4.18865671e+01,4.24372938e+01,4.29820676e+01,4.35272593e+01,4.40770872e+01,4.46206763e+01,4.51677363e+01,4.57177341e+01,4.62623086e+01,4.68063102e+01,4.73553610e+01,4.78986828e+01,4.85044317e+01,4.90526717e+01,4.95974379e+01,5.01405554e+01,5.06890833e+01,5.12819676e+01,5.18258967e+01,5.23744249e+01,5.29188447e+01]"
"[2.4087743759155273, 2.1391096115112305, 2.1084301471710205, 2.0144150257110596, 1.8836488723754883, 1.8309606313705444, 1.7654086351394653, 1.6809855699539185, 1.6602095365524292, 1.6958016157150269, 1.628732681274414, 1.6296241283416748, 1.6288679838180542, 1.6190450191497803, 1.618716835975647, 1.6136137247085571, 1.614182949066162, 1.6160324811935425, 1.600586175918579, 1.5988022089004517, 1.5970968008041382, 1.5957887172698975, 1.594543695449829, 1.5930756330490112, 1.5916175842285156, 1.5906740427017212, 1.5897516012191772, 1.5885764360427856, 1.587825894355774, 1.5872009992599487, 1.5866870880126953, 1.586212396621704, 1.5856108665466309, 1.5845259428024292, 1.5842448472976685, 1.5837104320526123, 1.5827853679656982, 1.5819581747055054, 1.5815447568893433, 1.5810781717300415, 1.580586314201355, 1.5800977945327759, 1.5792672634124756, 1.578620433807373, 1.578265905380249, 1.5778496265411377, 1.5775190591812134, 1.5770667791366577, 1.5766807794570923, 1.576374888420105, 1.5759577751159668, 1.5756241083145142, 1.5751911401748657, 1.5747332572937012, 1.5744690895080566, 1.5739868879318237, 1.573601484298706, 1.5733445882797241, 1.5730822086334229, 1.5728143453598022, 1.572559118270874, 1.5723040103912354, 1.5720579624176025, 1.5716127157211304, 1.5713800191879272, 1.5711380243301392, 1.5708893537521362, 1.5704925060272217, 1.5700980424880981, 1.5697330236434937, 1.569522500038147, 1.5693155527114868, 1.569115400314331, 1.5688928365707397, 1.5680233240127563, 1.56159245967865, 1.5326964855194092, 1.5112309455871582, 1.50552499294281, 1.5041385889053345, 1.5005488395690918, 1.4997320175170898, 1.4982104301452637, 1.4980359077453613, 1.4969984292984009, 1.4971204996109009, 1.4944993257522583, 1.4935667514801025, 1.4931271076202393, 1.4926156997680664, 1.4913275241851807, 1.4910072088241577, 1.4908562898635864, 1.4906014204025269, 1.4902018308639526, 1.4898121356964111, 1.4896235466003418, 1.4894375801086426, 1.4892324209213257, 1.4890536069869995, 1.4886713027954102]","[9.03, 28.49, 25.6, 22.35, 24.05, 38.38, 67.97, 78.9, 80.52, 77.44, 82.7, 82.54, 82.4, 83.38, 83.35, 83.76, 83.59, 83.38, 84.87, 84.94, 85.14, 85.29, 85.38, 85.46, 85.57, 85.67, 85.73, 85.76, 85.83, 85.88, 85.96, 86.0, 86.03, 86.11, 86.12, 86.14, 86.18, 86.22, 86.25, 86.3, 86.37, 86.41, 86.43, 86.47, 86.53, 86.55, 86.6, 86.64, 86.66, 86.68, 86.72, 86.72, 86.75, 86.75, 86.8, 86.84, 86.87, 86.88, 86.89, 86.91, 86.92, 86.97, 86.98, 87.01, 87.03, 87.03, 87.05, 87.09, 87.1, 87.13, 87.16, 87.2, 87.23, 87.29, 87.68, 89.04, 92.87, 94.62, 95.25, 95.3, 95.43, 95.47, 95.61, 95.61, 95.63, 95.64, 95.74, 95.85, 95.87, 95.87, 95.92, 95.98, 96.03, 96.05, 96.07, 96.1, 96.13, 96.15, 96.13, 96.15, 96.14]","[2.04966068e-02,1.88894510e-01,3.56334925e-01,5.61641455e-01,9.65614080e-01,1.41510272e+00,1.58908105e+00,2.08699727e+00,2.66614175e+00,3.28332758e+00,3.89305782e+00,4.47287941e+00,5.04588604e+00,5.63993478e+00,6.19428730e+00,6.76389885e+00,7.31237888e+00,7.90615463e+00,8.47871614e+00,9.09640050e+00,9.61672950e+00,1.01611044e+01,1.07303307e+01,1.12729154e+01,1.18214431e+01,1.23920197e+01,1.29361129e+01,1.34817269e+01,1.40316992e+01,1.45753000e+01,1.51242785e+01,1.56706951e+01,1.62139452e+01,1.67384601e+01,1.72872415e+01,1.78306849e+01,1.83673520e+01,1.89249783e+01,1.94668851e+01,2.00150876e+01,2.05629530e+01,2.11051681e+01,2.16782289e+01,2.21641204e+01,2.27083149e+01,2.32310505e+01,2.38049343e+01,2.43249767e+01,2.48490224e+01,2.54185159e+01,2.60324392e+01,2.65786834e+01,2.71033945e+01,2.76227233e+01,2.81952331e+01,2.87288625e+01,2.92839830e+01,2.98530724e+01,3.04253409e+01,3.09941311e+01,3.15666201e+01,3.21417630e+01,3.27099302e+01,3.32318246e+01,3.38045197e+01,3.43724577e+01,3.49967258e+01,3.55426362e+01,3.60854664e+01,3.66308131e+01,3.72053676e+01,3.77717092e+01,3.83477297e+01,3.89174469e+01,3.93880095e+01,3.97771704e+01,3.99504414e+01,4.03981199e+01,4.09096084e+01,4.15396583e+01,4.20479589e+01,4.26166956e+01,4.31778831e+01,4.38045392e+01,4.43642948e+01,4.49940028e+01,4.55731268e+01,4.61426351e+01,4.65829475e+01,4.67495239e+01,4.69345922e+01,4.75185566e+01,4.80014129e+01,4.85226386e+01,4.90829709e+01,4.94946783e+01,4.99822876e+01,5.05300455e+01,5.06964419e+01,5.11817119e+01,5.17418077e+01]"
